[{"pid":"1971089","name":"刘曼文","sex":"女","beginwork":"1997-03-01","restvacation":15,"type":"副总","department":"行政"},{"pid":"3051077","name":"杨斯乔","sex":"女","beginwork":"2005-11-01","restvacation":10,"type":"员工","department":"行政"},{"pid":"3051129","name":"马寒凡","sex":"女","beginwork":"2005-10-01","restvacation":10,"type":"员工","department":"运营"},{"pid":"3091001","name":"朱香思","sex":"女","beginwork":"2009-05-01","restvacation":5,"type":"员工","department":"人事"},{"pid":"3101090","name":"孔妙婧","sex":"女","beginwork":"2010-06-01","restvacation":5,"type":"员工","department":"产品"},{"pid":"3111019","name":"郝凌珍","sex":"女","beginwork":"2011-02-01","restvacation":5,"type":"员工","department":"运营"}]